id	pixels	source-x	source-y	source-width	source-height
Head	68760	6	77	323	259
Torso	59369	379	84	310	244
ArmL	18360	724	106	139	213
ArmR	18321	1027	106	139	213
LegL	25884	60	471	205	158
LegR	25987	401	470	204	159
LeafL	31306	686	377	192	300
LeafR	31352	1001	377	192	300
EyeWhiteL	25660	77	727	165	206
EyeWhiteR	25475	394	727	163	206
PupilL	14230	718	758	120	158
PupilR	14340	1035	758	121	159
BrowL	10940	63	1031	186	105
BrowR	11127	399	1029	185	106
MouthOuter	13858	677	1028	233	133
MouthInner	14989	993	1039	209	99
